

INSERT INTO "city" VALUES('65195', 'Wiesbaden');
INSERT INTO "city" VALUES('10115', 'Berlin');
INSERT INTO "city" VALUES('20095', 'Hamburg');
INSERT INTO "city" VALUES('80331', 'München');
INSERT INTO "city" VALUES('50667', 'Köln');
INSERT INTO "city" VALUES('60308', 'Frankfurt am Main');
INSERT INTO "city" VALUES('70173', 'Stuttgart');
INSERT INTO "city" VALUES('44135', 'Dortmund');
INSERT INTO "city" VALUES('45127', 'Essen');
INSERT INTO "city" VALUES('55116', 'Mainz');





INSERT INTO "user"(id, username, password, first_name, last_name,email,street,street_number,postal_code) VALUES (1, 'batonball', '5f4dcc3b5aa765d61d8327deb882cf99', 'Sade','Ware','Cras.vehicula@mauris.com', 'Schermerhorn Viaduct', '10', '44135');
INSERT INTO "user"(id, username, password, first_name, last_name,email,street,street_number,postal_code) VALUES (2, 'ovarycrimson', '5f4dcc3b5aa765d61d8327deb882cf99', 'Colette','Small','pede.ultrices.a@temporloremeget.edu', 'West Fort Corloran Arch', '5a', '10115');
INSERT INTO "user"(id, username, password, first_name, last_name,email,street,street_number,postal_code) VALUES (3, 'junglewoodbow', '5f4dcc3b5aa765d61d8327deb882cf99', 'Ulric','Brock','euismod.enim@turpisIncondimentum.com', 'East Towns Mews', '22', '20095');
INSERT INTO "user"(id, username, password, first_name, last_name,email,street,street_number,postal_code) VALUES (4, 'oinkquean', '5f4dcc3b5aa765d61d8327deb882cf99', 'Lana','Bradford','eu.ligula@taciti.co.uk', 'Southwest Spittlesea Grove', '78', '50667');
INSERT INTO "user"(id, username, password, first_name, last_name,email,street,street_number,postal_code) VALUES (5, 'kingdommess', '5f4dcc3b5aa765d61d8327deb882cf99', 'Ivy','Patrick','commodo.ipsum.Suspendisse@ullamcorper.edu', 'Northeast Lodge Forest View', '24b', '55116');
INSERT INTO "user"(id, username, password, first_name, last_name,email,street,street_number,postal_code) VALUES (6, 'italianboard', '5f4dcc3b5aa765d61d8327deb882cf99', 'Fritz','Howell','Curabitur.egestas.nunc@tristiqueaceleifend.org', 'West Delancy Trace', '38', '44135');
INSERT INTO "user"(id, username, password, first_name, last_name,email,street,street_number,postal_code) VALUES (7, 'remarkableengineer', '5f4dcc3b5aa765d61d8327deb882cf99', 'Aristotle','Pennington','eu@Cum.com', 'Northwest Bushnell Manor', '7', '10115');
INSERT INTO "user"(id, username, password, first_name, last_name,email,street,street_number,postal_code) VALUES (8, 'facehandball',  '5f4dcc3b5aa765d61d8327deb882cf99','Isabella','Fletcher','aliquet@at.ca', 'Northwest Tolas Canyon', '5c', '80331');
INSERT INTO "user"(id, username, password, first_name, last_name,email,street,street_number,postal_code) VALUES (9, 'feedpox', '5f4dcc3b5aa765d61d8327deb882cf99', 'Alexis','Randolph','consectetuer.cursus@Nuncmauris.co.uk', 'Wasdale Head', '22', '20095');
INSERT INTO "user"(id, username, password, first_name, last_name,email,street,street_number,postal_code) VALUES (10, 'siegecooking', '5f4dcc3b5aa765d61d8327deb882cf99', 'Lesley','Little','mauris.Suspendisse.aliquet@Duiscursusdiam.org', 'Coveney Boulevard North', '54', '55116');
INSERT INTO "user"(id, username, password, first_name, last_name,email,street,street_number,postal_code) VALUES (11, 'maxwelltense', '5f4dcc3b5aa765d61d8327deb882cf99', 'Yuri','Russell','ac.feugiat@neque.com', 'West Lower Vickers Park', '76', '10115');
INSERT INTO "user"(id, username, password, first_name, last_name,email,street,street_number,postal_code) VALUES (12, 'gingerclocks', '5f4dcc3b5aa765d61d8327deb882cf99', 'Macey','Davenport','ligula@vitae.ca', 'North Delando Gate', '101', '45127');
INSERT INTO "user"(id, username, password, first_name, last_name,email,street,street_number,postal_code) VALUES (13, 'sneerignorant', '5f4dcc3b5aa765d61d8327deb882cf99', 'Basia','Shelton','Nulla.tempor.augue@nequepellentesque.ca', 'West Temple Hill Nook', '2a', '60308');
INSERT INTO "user"(id, username, password, first_name, last_name,email,street,street_number,postal_code) VALUES (14, 'bumpypacked', '5f4dcc3b5aa765d61d8327deb882cf99', 'Quin','Brewer','ipsum.dolor@magna.net', 'South Bartle Spur', '41', '70173');
INSERT INTO "user"(id, username, password, first_name, last_name,email,street,street_number,postal_code) VALUES (15, 'cornsnow', '5f4dcc3b5aa765d61d8327deb882cf99', 'Joel','Gordon','facilisis.facilisis.magna@Maecenasmalesuada.org', 'Northwest Rondeau Route', '17', '65195');
INSERT INTO "user"(id, username, password, first_name, last_name,email,street,street_number,postal_code) VALUES (16, 'slappergum', '5f4dcc3b5aa765d61d8327deb882cf99', 'Lucy','Walters','libero.Proin@ut.net', 'Mathy Passage West', '20', '50667');
INSERT INTO "user"(id, username, password, first_name, last_name,email,street,street_number,postal_code) VALUES (17, 'plasticbulb', '5f4dcc3b5aa765d61d8327deb882cf99', 'Kaye','Schwartz','ut@interdumlibero.net', 'South Potteries Quadrant', '31', '70173');
INSERT INTO "user"(id, username, password, first_name, last_name,email,street,street_number,postal_code) VALUES (18, 'framenibbles', '5f4dcc3b5aa765d61d8327deb882cf99', 'Martin','Marquez','Morbi.sit@eratEtiam.com', 'East Portola Heights Trace', '99', '20095');
INSERT INTO "user"(id, username, password, first_name, last_name,email,street,street_number,postal_code) VALUES (19, 'lotssatisfied', '5f4dcc3b5aa765d61d8327deb882cf99', 'Kelsie','Vincent','Phasellus.vitae.mauris@ornare.edu', 'Shadyview Gate Northeast', '56', '65195');
INSERT INTO "user"(id, username, password, first_name, last_name,email,street,street_number,postal_code) VALUES (20, 'bananaplum', '5f4dcc3b5aa765d61d8327deb882cf99', 'Kelly','Ferrell','at@fermentumfermentumarcu.com', 'Pewterspear Trace', '11b', '10115');
INSERT INTO "user"(id, username, password, first_name, last_name,email,street,street_number,postal_code) VALUES (21, 'blistersharp', '5f4dcc3b5aa765d61d8327deb882cf99', 'Devin','Gay','dapibus.id@Nullamvitae.ca', 'East Greten Viaduct', '9', '70173');
INSERT INTO "user"(id, username, password, first_name, last_name,email,street,street_number,postal_code) VALUES (22, 'bottledparrott', '5f4dcc3b5aa765d61d8327deb882cf99', 'Ora','Myers','Nullam.feugiat.placerat@dictumeu.org', 'North Pegamoid Court', '87', '45127');
INSERT INTO "user"(id, username, password, first_name, last_name,email,street,street_number,postal_code) VALUES (23, 'arrayridge', '5f4dcc3b5aa765d61d8327deb882cf99', 'Amery','Grimes','placerat.augue.Sed@faucibusidlibero.co.uk', 'Hoga Pike', '62', '80331');
INSERT INTO "user"(id, username, password, first_name, last_name,email,street,street_number,postal_code) VALUES (24, 'dadadvisor', '5f4dcc3b5aa765d61d8327deb882cf99', 'Brittany','Dyer','iaculis.odio.Nam@nonummy.com', 'North Montevina View', '13', '60308');
INSERT INTO "user"(id, username, password, first_name, last_name,email,street,street_number,postal_code) VALUES (25, 'choise', '5f4dcc3b5aa765d61d8327deb882cf99', 'Martin','Juhasz','info@martinjuhasz.de', 'Aarstraße', '56', '65195');
INSERT INTO "user"(id, username, password, first_name, last_name,email,street,street_number,postal_code) VALUES (26, 'Cookie', '5f4dcc3b5aa765d61d8327deb882cf99', 'Julia','Kraft','julia.kraft88@gmail.com', 'Aarstraße', '56', '65195');
INSERT INTO "user"(id, username, password, first_name, last_name,email,street,street_number,postal_code) VALUES (27, 'Eldorado', '5f4dcc3b5aa765d61d8327deb882cf99', 'Simon','Seyer','simon.seyer@gmail.com', 'Platter Straße', '57', '65195');
SELECT SETVAL((SELECT pg_get_serial_sequence('user', 'id')), 28, false);



INSERT INTO "bank_account" VALUES('20690500', '2475224', 'Sade Ware',1);
INSERT INTO "bank_account" VALUES('38000000', '67856278', 'Colette Small', 2);
INSERT INTO "bank_account" VALUES('38010111', '67864', 'Ulric Brock', 3);
INSERT INTO "bank_account" VALUES('59393000', '7613594', 'Lana Bradford', 4);
INSERT INTO "bank_account" VALUES('71160000', '1275934', 'Ivy Patrick', 5);
INSERT INTO "bank_account" VALUES('50400000', '10249305', 'Fritz Howell', 6);
INSERT INTO "bank_account" VALUES('80500000', '18460', 'Aristotle Pennington', 7);
INSERT INTO "bank_account" VALUES('71191000', '115499', 'Isabella Fletcher', 8);
INSERT INTO "bank_account" VALUES('42870077', '100458', 'Alexis Randolph', 9);
INSERT INTO "bank_account" VALUES('87070024', '70004829', 'Lesley Little', 10);
INSERT INTO "bank_account" VALUES('65110200', '5124398', 'Yuri Russell', 11);
INSERT INTO "bank_account" VALUES('80550200', '114576', 'Macey Davenport', 12);
INSERT INTO "bank_account" VALUES('50400000', '7779350', 'Basia Shelton', 13);
INSERT INTO "bank_account" VALUES('59320087', '4141563', 'Quin Brewer', 14);
INSERT INTO "bank_account" VALUES('87070024', '647258', 'Joel Gordon', 15);
INSERT INTO "bank_account" VALUES('42861608', '10057', 'Lucy Walters', 16);
INSERT INTO "bank_account" VALUES('60200000', '5666150', 'Kaye Schwartz', 17);
INSERT INTO "bank_account" VALUES('84094814', '4777592', 'Martin Marquez', 18);
INSERT INTO "bank_account" VALUES('54691200', '215364', 'Kelsie Vincent', 19);
INSERT INTO "bank_account" VALUES('65190110', '854471', 'Kelly Ferrell', 20);
INSERT INTO "bank_account" VALUES('38051290', '366540', 'Devin Gay', 21);
INSERT INTO "bank_account" VALUES('60270073', '335258', 'Ora Myers', 22);
INSERT INTO "bank_account" VALUES('84080000', '5578124', 'Amery Grimes', 23);
INSERT INTO "bank_account" VALUES('54661800', '4457269', 'Brittany Dyer', 24);
INSERT INTO "bank_account" VALUES('71162355', '110245', 'Kelly Ferrell', 25);
INSERT INTO "bank_account" VALUES('60270073', '4472405', 'Isabella Fletcher', 25);


INSERT INTO "admin" VALUES(25);
INSERT INTO "admin" VALUES(26);
INSERT INTO "admin" VALUES(27);

INSERT INTO "category" VALUES(1, 'Bücher');
INSERT INTO "category" VALUES(2, 'Spielzeug');
SELECT SETVAL((SELECT pg_get_serial_sequence('category', 'id')), 3, false);

INSERT INTO "auction" VALUES(1, '2013-12-01 12:13:00.00', '2013-12-08 12:13:00.00', 'Lego Eisenbahn', 'neuwertige Legoeisenbahn', null, 2, 1, 150, false);
INSERT INTO "auction" VALUES(3, '2013-12-01 12:13:00.00', '2013-12-08 12:13:00.00', 'Lego Lokomotive', 'neuwertige Legoeisenbahn1', null, 2, 1, 150, false);
INSERT INTO "auction" VALUES(2, '2013-12-01 12:13:00.00', '2013-12-08 12:13:00.00', 'Lego Auto', 'neuwertiges Legoauto', null, 2, 3, 3000, true);

INSERT INTO "bid" VALUES(7, 1, '2013-12-03 12:13:00.00', 200);
INSERT INTO "bid" VALUES(7, 3, '2013-12-03 12:13:00.00', 200);
INSERT INTO "bid" VALUES(7, 3, '2013-12-03 12:15:00.00', 300);

