

INSERT INTO "city" VALUES('65195', 'Wiesbaden');
INSERT INTO "city" VALUES('10115', 'Berlin');
INSERT INTO "city" VALUES('20095', 'Hamburg');
INSERT INTO "city" VALUES('80331', 'München');
INSERT INTO "city" VALUES('50667', 'Köln');
INSERT INTO "city" VALUES('60308', 'Frankfurt am Main');
INSERT INTO "city" VALUES('70173', 'Stuttgart');
INSERT INTO "city" VALUES('44135', 'Dortmund');
INSERT INTO "city" VALUES('45127', 'Essen');
INSERT INTO "city" VALUES('55116', 'Mainz');





INSERT INTO "user" VALUES ('batonball', 'Sade','Ware','Cras.vehicula@mauris.com', 'Schermerhorn Viaduct', '10', '44135');
INSERT INTO "user" VALUES ('ovarycrimson', 'Colette','Small','pede.ultrices.a@temporloremeget.edu', 'West Fort Corloran Arch', '5a', '10115');
INSERT INTO "user" VALUES ('junglewoodbow', 'Ulric','Brock','euismod.enim@turpisIncondimentum.com', 'East Towns Mews', '22', '20095');
INSERT INTO "user" VALUES ('oinkquean', 'Lana','Bradford','eu.ligula@taciti.co.uk', 'Southwest Spittlesea Grove', '78', '50667');
INSERT INTO "user" VALUES ('kingdommess', 'Ivy','Patrick','commodo.ipsum.Suspendisse@ullamcorper.edu', 'Northeast Lodge Forest View', '24b', '55116');
INSERT INTO "user" VALUES ('italianboard', 'Fritz','Howell','Curabitur.egestas.nunc@tristiqueaceleifend.org', 'West Delancy Trace', '38', '44135');
INSERT INTO "user" VALUES ('remarkableengineer', 'Aristotle','Pennington','eu@Cum.com', 'Northwest Bushnell Manor', '7', '10115');
INSERT INTO "user" VALUES ('facehandball', 'Isabella','Fletcher','aliquet@at.ca', 'Northwest Tolas Canyon', '5c', '80331');
INSERT INTO "user" VALUES ('feedpox', 'Alexis','Randolph','consectetuer.cursus@Nuncmauris.co.uk', 'Wasdale Head', '22', '20095');
INSERT INTO "user" VALUES ('siegecooking', 'Lesley','Little','mauris.Suspendisse.aliquet@Duiscursusdiam.org', 'Coveney Boulevard North', '54', '55116');
INSERT INTO "user" VALUES ('maxwelltense', 'Yuri','Russell','ac.feugiat@neque.com', 'West Lower Vickers Park', '76', '10115');
INSERT INTO "user" VALUES ('gingerclocks', 'Macey','Davenport','ligula@vitae.ca', 'North Delando Gate', '101', '45127');
INSERT INTO "user" VALUES ('sneerignorant', 'Basia','Shelton','Nulla.tempor.augue@nequepellentesque.ca', 'West Temple Hill Nook', '2a', '60308');
INSERT INTO "user" VALUES ('bumpypacked', 'Quin','Brewer','ipsum.dolor@magna.net', 'South Bartle Spur', '41', '70173');
INSERT INTO "user" VALUES ('cornsnow', 'Joel','Gordon','facilisis.facilisis.magna@Maecenasmalesuada.org', 'Northwest Rondeau Route', '17', '65195');
INSERT INTO "user" VALUES ('slappergum', 'Lucy','Walters','libero.Proin@ut.net', 'Mathy Passage West', '20', '50667');
INSERT INTO "user" VALUES ('plasticbulb', 'Kaye','Schwartz','ut@interdumlibero.net', 'South Potteries Quadrant', '31', '70173');
INSERT INTO "user" VALUES ('framenibbles', 'Martin','Marquez','Morbi.sit@eratEtiam.com', 'East Portola Heights Trace', '99', '20095');
INSERT INTO "user" VALUES ('lotssatisfied', 'Kelsie','Vincent','Phasellus.vitae.mauris@ornare.edu', 'Shadyview Gate Northeast', '56', '65195');
INSERT INTO "user" VALUES ('bananaplum', 'Kelly','Ferrell','at@fermentumfermentumarcu.com', 'Pewterspear Trace', '11b', '10115');
INSERT INTO "user" VALUES ('blistersharp', 'Devin','Gay','dapibus.id@Nullamvitae.ca', 'East Greten Viaduct', '9', '70173');
INSERT INTO "user" VALUES ('bottledparrott', 'Ora','Myers','Nullam.feugiat.placerat@dictumeu.org', 'North Pegamoid Court', '87', '45127');
INSERT INTO "user" VALUES ('arrayridge', 'Amery','Grimes','placerat.augue.Sed@faucibusidlibero.co.uk', 'Hoga Pike', '62', '80331');
INSERT INTO "user" VALUES ('dadadvisor', 'Brittany','Dyer','iaculis.odio.Nam@nonummy.com', 'North Montevina View', '13', '60308');
INSERT INTO "user" VALUES ('choise', 'Martin','Juhasz','info@martinjuhasz.de', 'Aarstraße', '56', '65195');
INSERT INTO "user" VALUES ('Cookie', 'Julia','Kraft','julia.kraft88@gmail.com', 'Aarstraße', '56', '65195');
INSERT INTO "user" VALUES ('Eldorado', 'Simon','Seyer','simon.seyer@gmail.com', 'Platter Straße', '57', '65195');


INSERT INTO "bank_account" VALUES('20690500', '2475224', 'Sade Ware', 'batonball');
INSERT INTO "bank_account" VALUES('38000000', '67856278', 'Colette Small', 'ovarycrimson');
INSERT INTO "bank_account" VALUES('38010111', '67864', 'Ulric Brock', 'junglewoodbow');
INSERT INTO "bank_account" VALUES('59393000', '7613594', 'Lana Bradford', 'oinkquean');
INSERT INTO "bank_account" VALUES('71160000', '1275934', 'Ivy Patrick', 'kingdommess');
INSERT INTO "bank_account" VALUES('50400000', '10249305', 'Fritz Howell', 'italianboard');
INSERT INTO "bank_account" VALUES('80500000', '18460', 'Aristotle Pennington', 'remarkableengineer');
INSERT INTO "bank_account" VALUES('71191000', '115499', 'Isabella Fletcher', 'facehandball');
INSERT INTO "bank_account" VALUES('42870077', '100458', 'Alexis Randolph', 'feedpox');
INSERT INTO "bank_account" VALUES('87070024', '70004829', 'Lesley Little', 'siegecooking');
INSERT INTO "bank_account" VALUES('65110200', '5124398', 'Yuri Russell', 'maxwelltense');
INSERT INTO "bank_account" VALUES('80550200', '114576', 'Macey Davenport', 'gingerclocks');
INSERT INTO "bank_account" VALUES('50400000', '7779350', 'Basia Shelton', 'sneerignorant');
INSERT INTO "bank_account" VALUES('59320087', '4141563', 'Quin Brewer', 'bumpypacked');
INSERT INTO "bank_account" VALUES('87070024', '647258', 'Joel Gordon', 'cornsnow');
INSERT INTO "bank_account" VALUES('42861608', '10057', 'Lucy Walters', 'slappergum');
INSERT INTO "bank_account" VALUES('60200000', '5666150', 'Kaye Schwartz', 'plasticbulb');
INSERT INTO "bank_account" VALUES('84094814', '4777592', 'Martin Marquez', 'framenibbles');
INSERT INTO "bank_account" VALUES('54691200', '215364', 'Kelsie Vincent', 'lotssatisfied');
INSERT INTO "bank_account" VALUES('65190110', '854471', 'Kelly Ferrell', 'bananaplum');
INSERT INTO "bank_account" VALUES('38051290', '366540', 'Devin Gay', 'blistersharp');
INSERT INTO "bank_account" VALUES('60270073', '335258', 'Ora Myers', 'bottledparrott');
INSERT INTO "bank_account" VALUES('84080000', '5578124', 'Amery Grimes', 'arrayridge');
INSERT INTO "bank_account" VALUES('54661800', '4457269', 'Brittany Dyer', 'dadadvisor');
INSERT INTO "bank_account" VALUES('71162355', '110245', 'Kelly Ferrell', 'bananaplum');
INSERT INTO "bank_account" VALUES('60270073', '4472405', 'Isabella Fletcher', 'facehandball');


INSERT INTO "admin" VALUES('choise');
INSERT INTO "admin" VALUES('Cookie');
INSERT INTO "admin" VALUES('Eldorado');

INSERT INTO "category" VALUES(1, 'Bücher');
INSERT INTO "category" VALUES(2, 'Spielzeug');

INSERT INTO "auction" VALUES(1, '2013-12-01 12:13:00.00', '2013-12-08 12:13:00.00', 'Lego Eisenbahn', 'neuwertige Legoeisenbahn', null, 1, null, 2, 'blistersharp', 'bananaplum', null, '2013-12-08 12:13:00.00', null, null);

INSERT INTO "bid" VALUES('remarkableengineer', 1, '2013-12-03 12:13:00.00', 105);




